name	author	publisher	date	price	rate	comment
追风筝的人	[美] 卡勒德・胡赛尼 	 上海人民出版社 	 2006-5 	 29.00元	8.9	为你，千千万万遍
小王子	[法] 圣埃克苏佩里 	 人民文学出版社 	 2003-8 	 22.00元	9	献给长成了大人的孩子们
围城	钱锺书 	 人民文学出版社 	 1991-2 	?19.00 	8.9	对于“人艰不拆”四个字最彻底的违抗
解忧杂货店	[日] 东野圭吾 	 南海出版公司 	 2014-5 	 39.50元	8.6	一碗精心熬制的东野牌鸡汤，拒绝很难
活着	余华 	 南海出版公司 	 1998-5 	 12.00元	9.1	活着本身就是人生最大的意义
白夜行	[日] 东野圭吾 	 南海出版公司 	 2008-9 	 29.80元	9.1	暗夜独行的残破灵魂，爱与恶本就难分难舍
挪威的森林	[日] 村上春树 	 上海译文出版社 	 2001-2 	 18.80元	8	村上之发轫，多少人的青春启蒙
嫌疑人X的献身	[日] 东野圭吾 	 南海出版公司 	 2008-9 	?28.00 	8.9	数学好是一种极致的浪漫
三体	刘慈欣 	 重庆出版社 	 2008-1 	?23.00 	8.8	你我不过都是虫子
不能承受的生命之轻	[捷克] 米兰・昆德拉 	 上海译文出版社 	 2003-7 	 23.00元	8.5	朝向媚俗的一次伟大的进军
红楼梦	[清] 曹雪芹 著 	 人民文学出版社 	 1996-12 	 59.70元	9.6	谁解其中味？
梦里花落知多少	郭敬明 	 春风文艺出版社 	 2003-11 	 20.00元	7.1	只是青春留下的余烬
达・芬奇密码	[美] 丹・布朗 	 上海人民出版社 	 2004-2 	 28.00元	8.2	一切畅销的因素都有了
看见	柴静 	 广西师范大学出版社 	 2013-1-1 	 39.80元	8.8	在这里看见中国
百年孤独	[哥伦比亚] 加西亚・马尔克斯 	 南海出版公司 	 2011-6 	 39.50元	9.2	尼采所谓的永劫复归，一场无始无终的梦魇
1988：我想和这个世界谈谈	韩寒 	 国际文化出版公司 	 2010-9 	 25.00元	7.9	车手韩寒的公路小说
何以笙箫默	顾漫 	 朝华出版社 	 2007-4 	 15.00元	7.8	倒追有风险，入行需谨慎
平凡的世界（全三部）	路遥 	 人民文学出版社 	 2005-1 	 64.00元	9	中国当代城乡生活全景
简爱	[英] 夏洛蒂・勃朗特 	 世界图书出版公司 	 2003-11 	 18.00元	8.5	灰姑娘在十九世纪
哈利・波特与魔法石	[英] J. K. 罗琳 	 人民文学出版社 	 2000-9 	 19.50元	9	羽加迪姆勒维奥萨！
白夜行	东野圭吾 	 南海出版公司 	 2013-1-1 	 39.50元	9.2	封面剧透
三体Ⅱ	刘慈欣 	 重庆出版社 	 2008-5 	?32.00 	9.3	无边的黑暗森林，比第一部更为恢弘壮丽
飘	[美国] 玛格丽特・米切尔 	 译林出版社 	 2000-9 	 40.00元	9.3	革命时期的爱情，随风而逝
送你一颗子弹	刘瑜 	 上海三联书店 	 2010-1 	 25.00元	8.6	犀利又温柔，穿过胸口隐隐作痛
三体Ⅲ	刘慈欣 	 重庆出版社 	 2010-11 	 38.00元	9.2	终章，何去何从
天才在左 疯子在右	高铭 	 武汉大学出版社 	 2010-2 	 29.80元	8.2	简称“疯癫与文明”
傲慢与偏见	[英] 奥斯丁 	 人民文学出版社 	 1993-7 	 13.00元	8.8	所有现代言情小说的母体
倾城之恋	张爱玲 	 花城出版社 	 1997-3-1 	?11.00 	8.5	一段姻缘，需要一座城的倾覆来成全
三重门	韩寒 	 作家出版社 	 2000-5 	?16.00 	7.4	“我是金子，我要发光的”
杜拉拉升职记	李可 	 陕西师范大学出版社 	 2007-9 	 26.00元	7.8	职场丛林生存手册
明朝那些事儿（壹）	当年明月 	 中国友谊出版公司 	 2006-9 	?24.80 	8.7	历史本就是一件件“事儿”拼成的
哈利・波特与阿兹卡班的囚徒	[英] J. K. 罗琳 	 人民文学出版社 	 2000-9 	 26.50元	8.9	小天狼星布莱克
目送	龙应台 	 生活・读书・新知三联书店 	 2009-10 	 39.00元	8.7	不必追
情人	[法] 玛格丽特・杜拉斯 	 上海译文出版社 	 2005-7 	 20.00元	8.1	我已经老了，你呢？
哈利・波特与密室	[英] J. K. 罗琳 	 人民文学出版社 	 2000-9 	 22.00元	8.9	渐入佳境，魔法世界全貌初现
万历十五年	[美] 黄仁宇 	 生活・读书・新知三联书店 	 1997-5 	 18.00元	8.9	见微知著，历史观的颠覆
我们仨	杨绛 	 生活・读书・新知三联书店 	 2003-7 	 18.80元	8.7	平淡，坚忍，温情
幻城	郭敬明 	 春风文艺出版社 	 2003-1 	 28.00元	7	如今的小四已经无法评价，往事犹可追
致我们终将逝去的青春	辛夷坞 	 朝华出版社 	 2007-8 	 25.00元	7.8	青春总是用残忍的方式提醒你它已退场
1Q84 BOOK 1	[日] 村上春树 	 南海出版公司 	 2010-5 	 36.00元	8.3	村上的野望，欢迎来到1Q84年
狼图腾	姜戎 	 长江文艺出版社 	 2004-4 	 32.00元	8.3	我们都是 狼的传人？
微微一笑很倾城	顾漫 	 江苏文艺出版社 	 2009-8 	?25.00 	8	一场盛大的意淫
独唱团（第一辑）	韩寒 主编 	 书海出版社 	 2010-7-6 	 16.00元	7.8	独唱的人多了，也便成了团
莲花	安妮宝贝 	 作家出版社 	 2006-3 	 25.00元	8	三个生命的交逢，灵魅清冷
哈利・波特与火焰杯	[英] J. K. 罗琳 	 人民文学出版社 	 2001-5 	 39.80元	9	整个系列的分水岭，暗色渐浓
边城	沈从文 	 北岳文艺出版社 	 2002-4 	 12.00元	8.6	如水一般的忧愁与怅惘
月亮和六便士	[英] 毛姆 	 上海译文出版社 	 2006-8 	 15.00元	9	有多少人会经历顿悟，就有更少的人甘愿自我放逐
向左走・向右走	酌 	 生活・读书・新知三联书店 	 2002-8 	 16.00元	8.4	两条平行线相遇的可能
活着	余华 	 作家出版社 	 2012-8 	 20.00元	9.3	生的苦难与伟大
穆斯林的葬礼	霍达 	 北京十月文艺出版社 	 1988-12-1 	?32.00 	8.2	时代烙印鲜明的民族史诗
从你的全世界路过	张嘉佳 	 湖南文艺出版社 	 2013-11-1 	 CNY 39.80	7.1	戳中了现代人的某些柔软之处
悲伤逆流成河	郭敬明 	 长江文艺出版社 	 2007-5 	 24.00元	6.2	少年不识愁滋味
恶意	[日] 东野圭吾 	 南海出版公司 	 2009-6 	?18.00 	8.4	无缘由的恨，冰冷彻骨
天龙八部	金庸 	 生活.读书.新知三联书店 	 1994-5 	?96.00 	9.1	“有情皆孽，无人不冤”
放学后	[日]东野圭吾 	 南海出版公司 	 2010-1 	 20.00元	7.6	东野圭吾处女作
Harry Potter and the Deathly Hallows	J.K.Rowling 	 Arthur A. Levine Books 	 2007-7-21 	 34.99美元	8.9	final episode
长安乱	韩寒 	 中国青年出版社 	 2004-8 	 20.00元	7.4	韩少也会借古喻今了
哈利・波特与混血王子	[英] J. K. 罗琳 	 人民文学出版社 	 2005-10 	 58.00元	8.8	感情线纷乱的一部。再见邓布利多
一个人的好天气	[日] 青山七惠 	 上海译文出版社 	 2007-9 	 15.00元	7.6	冬日暖阳的温煦感
苏菲的世界	（挪威）乔斯坦・贾德 	 作家出版社 	 1999-04 	 26.80元	8.5	最平易近人的哲学入门
许三观卖血记	余华 	 南海出版公司 	 1998-9 	 16.80元	8.7	余华的悲凉，都在那一碗炒猪肝里了
1995-2005夏至未至	郭敬明 	 春风文艺出版社 	 2005-2 	 24.00元	7.3	当青春遁入歧途
撒哈拉的故事	三毛 	 皇冠出版社 	1976	 160 TWD	9	关于漂泊的一切
盗墓笔记	南派三叔 	 中国友谊出版公司 	 2007-1 	 26.80元	8.3	想象奇诡的大型RPG游戏
霍乱时期的爱情	[哥伦比亚] 加西亚・马尔克斯 	 南海出版公司 	 2012-9-1 	 39.50元	9	义无反顾地直达爱情的核心
哈利・波特与凤凰社	[英] J. K. 罗琳 	 人民文学出版社 	 2003-9 	 59.00元	8.7	暴脾气的哈利
喜宝	亦舒 	 新世界出版社 	 2007-2 	 22.00元	8.1	爱情才是终极的奢侈品
岛上书店	[美] 加・泽文 	 江苏凤凰文艺出版社 	 2015-5-1 	 CNY 35.00	7.6	爱书的人从不孤独
三生三世 十里桃花	唐七公子 	 沈阳出版社 	 2009-1 	?26.80 	7.9	大风刮过有话要说
海边的卡夫卡	[日] 村上春树 	 上海译文出版社 	 2003-4 	 25.00元	8.1	背负诅咒的少年，平行世界中的奥德赛
文化苦旅	余秋雨 	 东方出版中心 	 2001-4 	 22.00元	7.8	“历史文化散文”
基督山伯爵	大仲马 	 上海译文出版社 	 1991-12-1 	 43.90元	9	完美的复仇，金庸用法语写作应该就是这样
窗边的小豆豆	[日] 黑柳彻子 著 	 南海出版公司 	 2003-1 	 20.00元	8.7	真正懂孩子的教育经
三国演义（全二册）	[明] 罗贯中 	 人民文学出版社 	 1998-05 	 39.50元	9.2	是非成败转头空
黄金时代	王小波 	 花城出版社 	 1999-3 	 19.00元	8.8	能把性爱写得如此坦荡的，大概只有王二了
悟空传	今何在 	 光明日报出版社 	 2001-4 	 14.80元	8.4	猴子还是那个猴子，世界早已不是原来的世界
兄弟（上）	余华 	 上海文艺出版社 	 2005-8 	 16.00元	8.3	历史苦难中的个人灾变
呼啸山庄	艾米莉・勃朗特 	 人民文学出版社 	 1999-1 	 27.30元	8.4	近乎暴虐的爱与恨，中文译名后无来者
笑傲江湖（全四册）	金庸 	 生活・读书・新知三联书店 	 1994-5 	 76.80元	9	武侠的壳，政治斗争的核
少有人走的路	[美] M・斯科特・派克 	 吉林文史出版社 	 2007-1 	 26.00元	8.4	成熟的心智通向更完善的自我
民主的细节	刘瑜 	 上海三联书店 	 2009-6 	?25.00 	8.6	公民养成手册
亲爱的安德烈	龙应台 	 人民文学出版社 	 2008-12 	?26.00 	8.7	龙应台母子对话，两代人的思想碰撞
灿烂千阳	[美] 卡勒德・胡赛尼 	 上海人民出版社 	 2007-9 	 28.00元	8.8	唯有希望与爱可以驱散阴霾
老人与海	海明威 	 上海译文出版社 	 1999-10 	 8.20元	8.3	正是悲壮赋予生活以意义
遇见未知的自己	张德芬 	 华夏出版社 	 2008-1 	?29.00 	8.1	都市灵修速成
一九八四・动物农场	[英] 乔治・奥威尔 	 上海译文出版社 	 2003-4 	 23.00元	9.3	一个预言和一个寓言，令人窒息的政治恐怖
牧羊少年奇幻之旅	[巴西]保罗・柯艾略 	 南海出版公司 	 2009-3-1 	 25.00元	8.6	你自己就是最大的宝藏
福尔摩斯探案全集（上中下）	[英] 阿・柯南道尔 	 1981-8 	 53.00元	68.00元	9.2	侦探小说鼻祖
小时代1.0折纸时代	郭敬明 	 长江文艺出版社 	 2008-10 	 29.80元	6.5	温习了很多奢侈品品牌名称
洛丽塔	[美] 弗拉基米尔・纳博科夫 	 上海译文出版社 	 2005-12 	 27.00元	7.7	我的生命之光，我的欲望之火
百年孤独	[哥伦比亚] 加西亚・马尔克斯 	 上海译文出版社 	 1989-10 	 12.70元	8.9	拉丁美洲圣经
1Q84 BOOK 2	[日] 村上春树 	 南海出版公司 	 2010-6 	 36.00元	8.4	情节铺展渐次清明，高潮序曲
素年锦时	安妮宝贝 	 作家出版社 	 2007-9 	 27.00元	7.8	呢喃自语，清简自持
情书	[日] 岩井俊二 	 天津人民出版社 	 2004-7 	 18.00元	8.6	一场误会中的两段爱情，东方式的含蓄隐忍
第一次的亲密接触	蔡智恒 	 知识出版社 	 1999-11-1 	?12.80 	7.4	那时候，去麦当劳约会还很高端……
神雕侠侣	金庸 	 生活・读书・新知三联书店 	 1994-5 	?76.80 	8.8	至情至性，情大于武
一座城池	韩寒 	 二十一世纪出版社 	 2006-1 	 19.90元	7.4	可能是韩寒最好笑的小说
茶花女	小仲马 	 外国文学出版社 	 1997-3 	 9.00元	8.2	妓女应当拥有爱情吗？
麦田里的守望者	[美国] J. D. 塞林格 	 译林出版社 	 1997-2 	 7.80元	7.9	塞林格的麦田里，到处是坠落的青春
他的国	韩寒 	 万卷出版公司 	 2009-1 	 25.00元	7.5	总有光芒将你引导到清澈的地方
彼岸花	安妮宝贝 	 南海出版公司 	 2001-9 	 20.00元	7.8	安妮宝贝第一部长篇，现实与虚构的重合
西决	笛安 	 长江文艺出版社 	 2009-3 	 22.80元	7.9	无关风月的非典型青春小说
东方快车谋杀案	[英] 阿加莎・克里斯蒂 	 人民文学出版社 	 2006-5 	 18.00元	9	谋杀诡计惊人，波洛的抉择耐人寻味
挪威的森林	[日] 村上春树 	 上海译文出版社 	 2007-7 	 23.00元	8.5	初读是色情，再读是爱情，三读是世情
这些都是你给我的爱	文：安东尼 	 长江文艺出版社 	 2010-3 	 24.80元	8.4	只言片语的温暖
这些人，那些事	吴念真 	 译林出版社 	 2011-9 	 28.00元	8.8	平淡叙述下的惊心动魄
八月未央	安妮宝贝 	 作家出版社 	 2001-1 	 16.00元	7.5	八月是一阵季风，生命是一场幻觉
当我谈跑步时我谈些什么	[日] 村上春树 	 南海出版公司 	 2009-1 	?25.00 	8.1	村上同志告诉我们，身体是革命的本钱
明朝那些事儿（贰）	当年明月 	 中国友谊出版公司 	 2007-1 	?24.80 	8.9	万国来朝与北京保卫战，燃
清醒纪	安妮宝贝 	 天津人民出版社 	 2004-10 	 22.00元	7.9	遗忘就和记得一样是送给彼此的纪念
一个陌生女人的来信	[奥] 斯台芬・茨威格 	 上海译文出版社 	 2007-7 	 20.00元	8.7	暗恋的极致
蔡康永的说话之道	蔡康永 著 	 沈阳出版社 	 2010-10 	 25.00元	7.1	会说话的人运气都不会太差
偷影子的人	(法)马克・李维 	 湖南文艺出版社 	 2012-6-20 	 29.80元	7.8	为偷来的影子找到光芒
陪安东尼度过漫长岁月	安东尼 	 长江文艺出版社 	 2008-3 	?18.00 	8.3	真正的片段式写作
沉默的大多数	王小波 	 中国青年出版社 	 1997-10 	 27.00元	9.1	沉默是沉默者的通行证
白鹿原	陈忠实 	 人民文学出版社 	 1997-12 	 28.00元	8.6	中国乡村史诗
芒果街上的小屋	[美国] 桑德拉・希斯内罗丝 	 译林出版社 	 2006-6 	 24.50元	7.8	那些微尘般漂浮的生活
羊脂球	（法）莫泊桑 	 北京燕山出版社 	 2007-6 	 13.50元	8.1	资产阶级的道貌岸然
鲁滨逊漂流记	[英] 笛福 	 广西民族出版社 	 2002-1 	 9.20元	8	最早的荒野求生
灌篮高手31	[日] 井上雄彦 	 长春出版社 	 2005-1 	 7.50元	9.5	全剧终
撒哈拉的故事	三毛 	 哈尔滨出版社 	 2003-8 	 15.80元	9.2	游荡的自由灵魂
巴黎圣母院	[法]雨果 	 人民文学出版社 	 1982-6 	 22.50元	8.3	潜藏于残缺下的美与崇高
肖申克的救赎	[美] 斯蒂芬・金 	 人民文学出版社 	 2006-7 	 29.90元	9.1	希望让人自由，电影实在太有名
麦田里的守望者	[美国] J. D. 塞林格 	 译林出版社 	 2007-3 	 28.00元	8.1	反英雄霍尔顿的一生
无声告白	[美] 伍绮诗 	 江苏凤凰文艺出版社 	 2015-7 	 35.00元	8.2	莉迪亚死了，可他们还不知道
嫌疑人X的献身	（日）东野圭吾 	 南海出版公司 	2009年11月	 19.80元	9	东野说，这是最纯粹的爱情
山楂树之恋	艾米 	 江苏文艺出版社 	 2007-9 	 25.00元	7.8	明净单纯
华胥引（全二册）	唐七公子 	 现代出版社 	 2011-1 	 39.80元	8.5	现实不如梦中的圆满
地下铁	酌 	 辽宁教育出版社 	 2002-2 	 32.00元	8.3	黑暗世界中的点滴亮光
且听风吟	[日] 村上春树 	 上海译文出版社 	 2001-8 	 11.80元	7.8	我们通过孤独与世界沟通
钢铁是怎样炼成的	[苏] 尼・奥斯特洛夫斯基 	 译林出版社 	 1996-10 	 20.00元	7.6	激情燃烧的岁月，特殊年代的经典
红玫瑰与白玫瑰	张爱玲 	 花城出版社 	 1996-06 	 12.80元	8.4	蚊子血还是饭黏子？
人生若只如初见	安意如 	 天津教育出版社 	 2006-8 	 23.80元	7.2	是“何事秋风悲画扇”，不是西风
人间失格	太宰治 	 吉林出版集团有限责任公司 	2009年9月	 16.00元	8.3	令人无从怜悯的绝望
鬼吹灯之精绝古城	天下霸唱 	 安徽文艺出版社 	2006	?25.00 	8.1	盗墓祖师名不虚传
安徒生童话故事集	（丹麦）安徒生 	 人民文学出版社 	 1997-08 	?25.00 	9.2	远不是童话那么简单
呐喊	鲁迅 	 人民文学出版社 	1973年3月	 0.36元	8.8	新文学的第一声呐喊
小团圆	张爱玲 	 北京十月文艺出版社 	 2009-4 	?28.00 	7.6	自传性作品，团圆只存在幻灭之中
泡沫之夏	明晓溪 	 新世界出版社 	 2006-3 	 20.00元	6.9	霸道总裁爱上我
会有天使替我爱你	明晓溪 	 新世界出版社 	 2005-5 	 20.00元	6.6	理想化
1984	[英] 乔治・奥威尔 	 北京十月文艺出版社 	 2010-4-1 	?28.00 	9.3	栗树荫下，我出卖你，你出卖我
年华是无效信	落落 	 春风文艺出版社 	 2005-2 	 20.00元	7.6	女生间的微妙友谊
幻夜	〔日〕东野圭吾 	 南海出版公司 	2009年9月	 28.00元	7.5	《白夜行》续篇，恶的幻夜吞噬一切
在路上	[美] 杰克・凯鲁亚克 	 上海译文出版社 	 2006-10 	 28.00元	7.8	我们非去不可，在到达之前，永不停止
射雕英雄传（全四册）	金庸 	 生活・读书・新知三联书店 	 1999-04 	 47.00元	8.9	侠之大者，为国为民
明朝那些事儿（1-9）	当年明月 	 中国海关出版社 	 2009-4 	 358.20元	9.1	不拘一格的历史书写
月亮忘了	酌 	 格林 	 2000-2-1 	 NT$ 299	8.6	月明星稀的晚上，看不见的，看见了
明朝那些事儿（叁）	当年明月 	 中国友谊出版公司 	 2007-4 	?24.80 	8.9	圣人般的王守仁，大娱乐家朱厚照
哭泣的骆驼	三毛 	 哈尔滨出版社 	 2003-6 	 15.80元	8.9	沙漠中寻常的生与死
原来你还在这里	辛夷坞 	 朝华出版社 	 2007-10 	 25.00元	7.6	还在的只有回忆
半生缘	张爱玲 	 北京十月文艺出版社 	 2006-12 	 28.00元	8.6	世钧，我们回不去了
此间的少年	江南 	 华文出版社 	 2004-1 	 25.00元	8.4	象牙塔里的金庸群侠
货币战争	宋鸿兵 编著 	 中信出版社 	 2007-6 	 38.00元	7.2	无所不能的罗斯柴尔德家族
佳期如梦	匪我思存 	 新世界出版社 	 2007-2 	 20.00元	7.9	玛丽苏成人童话
人类简史	[以色列]尤瓦尔・赫拉利 	 中信出版社 	 2014-11-1 	 CNY 68.00	9.1	空
无人生还	[英] 阿加莎?克里斯蒂 	 人民文学出版社 	 2008-3 	?19.00 	8.9	童谣杀人案
一人住第5年	高木直子 	 大田 	 2004-12-1 	 NT$220	8.4	独居生活之乐
了不起的盖茨比	菲茨杰拉德 	 人民文学出版社 	 2004-06 	 12.00元	8.3	梦，就像黛西家的那一缕绿光
时间旅行者的妻子	[美] 奥德丽・尼芬格 	 人民文学出版社 	 2007-4 	 29.90元	8.1	在时间的缝隙中穿行，然后相遇
告别薇安	安妮宝贝 	 中国社会科学出版社 	 2000-1 	?19.00 	7.5	七月与安生
常识	梁文道 	 广西师范大学出版社 	 2009-1 	?38.00 	8.1	献给这个常识稀缺的时代
爱你就像爱生命	王小波 	 上海锦绣文章出版社 	 2008-5 	 18.00元	8.8	王小波与李银河的两地书
撒哈拉的故事	三毛 	 北京十月文艺出版社 	 2011-1-7 	 24.00元	9.3	不枉来这世上走一遭
步步惊心	桐华 	 民族出版社 	 2006-6 	 25.00元	8.1	现世太苦，不如穿越回去从头来过
皮囊	蔡崇达 	 天津人民出版社 	 2014-12-1 	 39.80元	7.7	皮囊之下，骨肉相连
二三事	安妮宝贝 	 南海出版公司 	 2004-1 	 20.00元	7.7	关于遗忘和记得的故事
兄弟（下）	余华 	 上海文艺出版社 	 2006-3 	 27.00元	7.4	失控边缘的下部，但谁说荒诞就是不真
孤独六讲	蒋勋 	 广西师范大学出版社 	 2009-10-1 	 36.00元	8.1	作为一种美学的孤独
乌合之众	(法)古斯塔夫.勒庞 	 中央编译出版社 	 1998-01 	 16.00元	8.3	群氓心理剖析
盗墓笔记2	南派三叔 	 中国友谊出版公司 	 2007-4 	 26.80元	8.2	秦岭神树细思极恐
明朝那些事儿（肆）	当年明月 	 中国友谊出版公司 	 2007-9 	?24.80 	8.8	大明朝当真名士如云
失恋33天	鲍鲸鲸 	 中信出版社 	 2010-1 	 25.00元	8.1	失恋是一种病，痊愈之后百毒不侵
动物农场	[英] 乔治・奥威尔 	 上海译文出版社 	 2007-3 	 10.00元	9.2	太阳底下并无新事
左耳	饶雪漫 	 当代世界出版社 	 2006-2 	 22.00元	7	当时只道是寻常
鹿鼎记（全五册）	金庸 	 广州出版社 花城出版社 	 2008-3 	 108.00元	8.8	武侠的解构，流氓的狂欢
荆棘鸟	[澳] 考琳・麦卡洛 	 译林出版社 	 1998-7 	 28.00元	8.6	澳洲乱世情
左手倒影，右手年华。	郭敬明 	 上海译文出版社 	 2003-5 	 16.00元	6.7	明媚啊明媚
零下一度	韩寒 	 上海人民出版社 	 2000-08 	?12.00 	7.2	青春期习作
像少年啦飞驰	韩寒 	 作家出版社 	 2002-1 	 16.00元	7.3	属于少年的日子飞驰而过
寻路中国	[美] 彼得・海斯勒 	 上海译文出版社 	 2011-1 	 33.00元	9	中国在路上，非虚构写作所能达到的高度
被窝是青春的坟墓	七堇年 	 长江文艺出版社 	 2007-11 	 22.00元	7.7	“要有最朴素的生活，与最遥远的梦想“
我们台湾这些年	廖信忠 	 重庆出版集团 	 2009-11 	 29.80元	7.4	平民视角下的台湾大事记
1Q84 BOOK 3	[日] 村上春树 	 南海出版公司 	 2011-1 	 39.50元	7.6	兜了一大圈，村上还是回归了他的小确幸
关于莉莉周的一切	[日] 岩井俊二 	 天津人民出版社 	 2006-12 	 28.00元	7.7	残酷青春的艰难呼吸
机器猫哆啦A梦23	藤子?F?不二雄 	 吉林美术出版社 	 1999-12 	?8.00 	9.5	满满的回忆
阿Q正传	鲁迅 	 上海书店出版社 	 2003-7 	 14.50元	8.7	哀其不幸，怒其不争
乖，摸摸头	大冰 	 湖南文艺出版社 	 2014-9-1 	 36.00元	7.4	他人的生活总是比你的精彩
大地之灯	七堇年 	 长江文艺出版社 	 2007-1 	 22.00元	8.2	两代人的成长与救赎
摆渡人	[英]克莱儿・麦克福尔 	 百花洲文艺出版社 	 2015-6-1 	?36.00 	6.3	空
黄金时代	王小波 	 陕西师范大学出版社 	 2009-07-01 	 23.00元	8.9	永远生猛下去
明朝那些事儿（伍）	当年明月 	 中国友谊出版公司 	 2008-3 	?28.80 	8.8	内忧外患之际，你方唱罢我登场
骆驼祥子	老舍 	 人民文学出版社 	 2000-3-1 	?12.00 	8.2	如骆驼喘息般深刻的绝望
盗墓笔记3	南派三叔 	 中国友谊出版公司 	 2007-11 	 26.80元	8.4	逼近死亡的云顶天宫之旅
麦琪的礼物	[美] 欧・亨利 	 上海社会科学院出版社 	 2003-7 	 25.00元	8.6	日常的奇迹
格林童话全集	格林兄弟 	 人民文学出版社 	 1994-11 	 21.45元	8.9	许多隐晦
如何阅读一本书	[美] 莫提默・J. 艾德勒 	 商务印书馆 	 2004-1 	 38.00元	8.4	读书的方法论
当我们谈论爱情时我们在谈论什么	[美] 雷蒙德・卡佛 	 译林出版社 	 2010-1 	 22.00元	7.8	疏离而断裂，生活的冷与干涩
尘埃落定	阿来 	 人民文学出版社 	 1998-3-1 	?22.00 	8.4	一个傻子的土司家族传奇
水仙已乘鲤鱼去	张悦然 	 作家出版社 	 2005-1 	 19.00元	7.8	暴食与减肥的桥段印象深刻
历史深处的忧虑	林达 	 生活・读书・新知三联书店 	 1997-5 	 19.00元	9	窥见美国社会的一扇窗
嫌疑人X的献身	东野圭吾 	 南海出版公司 	 2014-6 	 35.00元	9	空
小时代2.0虚铜时代	郭敬明 	 长江文艺出版社 	 2010-1 	 26.80元	6.3	淳朴自贡少年十里洋场欲海翻波为哪般
金锁记	张爱玲 	 哈尔滨出版社 	 2005-6 	 13.5元	8.5	曹七巧就像希克厉，一个扭曲的英雄
你好，旧时光（上 下）	八月长安 	 新世界出版社 	 2009-12 	 39.80元	8.8	原作名切题
东霓	笛安 	 长江文艺出版社 	 2010-7-1 	 26.80元	8.1	自毁而偏执的东霓
海贼王	尾田荣一郎 	 浙江人民美术出版社 	 2007-11 	 7.50元	9.5	热血，梦想，希望
那些回不去的年少时光	桐华 	 江苏文艺出版社 	 2010-01 	 23.80元	8.5	所有你曾热爱却正在遗忘的人和事
孩子你慢慢来	龙应台 	 生活・读书・新知三联书店 	 2009-12-1 	 28.00元	8.8	我们现在怎样做母亲
橙	安东尼 	 长江文艺出版社 	 2010-10 	 28.80元	8.2	定做一个刻着“不过如此”的章，盖在封面上
悲惨世界（上中下）	[法] 雨果 	 人民文学出版社 	 1992-6 	 66.00元	8.9	现实主义与浪漫主义的至高杰作
盗墓笔记4	南派三叔 	 中国友谊出版公司 	 2008-11 	 32.80元	8.4	蛇沼鬼城，坑越挖越多了
巴别塔之犬	[美] 卡罗琳・帕克丝特 	 南海出版公司 	 2007-7 	 22.00元	7.7	超越语言与生死的爱
香水	[德] 帕・聚斯金德 	 上海译文出版社 	 2005-5 	 20.00元	8.5	恋味癖谋杀案
梦里花落知多少	三毛 	 北京十月文艺出版社 	 2007-6 	 28.00元	8.9	哀而不伤
一只特立独行的猪	王小波 	 北方文艺出版社 	 2006-4 	 18.80元	8.8	生活就是个缓慢受锤的过程，至少还可以特立独行
局外人	[法] 阿尔贝・加缪 	 上海译文出版社 	 2010-9 	 22.00元	9	空
一个人的朝圣	【英】蕾秋・乔伊斯 	 北京联合出版公司 	 2013-9-1 	?32.80 	8.1	空
史蒂夫・乔布斯传	[美] 沃尔特・艾萨克森 	 中信出版社 	 2011-10-24 	 68.00元	8.7	完美主义者的最高形态
看不见的城市	[意大利]伊塔洛・卡尔维诺 	 译林出版社 	 2006-8 	 16.00元	8.8	每一座城市都只在想象中耸立，又在描述中坍圮
长恨歌	王安忆 	 南海出版公司 	 2003-8 	 22.00元	8.2	现代上海史诗
匆匆那年（上下）	九夜茴 	 东方出版社 	 2008-1 	?29.00 	8.3	不悔梦归处 只恨太匆匆
草样年华	孙睿 	 远方出版社 	 2004-1 	 19.50元	7.2	大学生活启蒙读物
往事并不如烟	章诒和 	 人民文学出版社 	 2004-1 	 35.00元	8.6	知识分子的命运浮沉
蔷薇岛屿	安妮宝贝 	 作家出版社 	 2002-8 	 18.00元	8	你们不会彼此遗忘。只会彼此消失
我的路	寂地 	 北方妇女儿童出版社 	 2004-10 	 20.00元	8.6	忧郁的温暖
菊与刀	（美）鲁思?本尼迪克特 	 商务印书馆 	 1990-6 	?16.00 	8.2	复杂矛盾的日本民族
倾城之恋	张爱玲 	 北京十月文艺出版社 	 2006-12 	 29.80元	8.7	棋逢对手，心照不宣
刀锋	[英]毛姆 	 上海译文出版社 	 2007-3 	 18.00元	9	空
球状闪电	刘慈欣 	 四川科学技术出版社 	 2005-6 	 22.00元	8.7	量子之外，没有真相
谁动了我的奶酪？	[美] 斯宾塞・约翰逊 	 中信出版社 	 2001-9 	 16.80元	7.1	鸡汤文始祖
飞鸟集	[印] 罗宾德拉纳德・泰戈尔 	 哈尔滨出版社 	 2004-6 	 16.80元	8.8	淡泊，超脱
七夜雪	沧月 	 北京十月文艺出版社 	 2006-10 	 25.00元	8.4	抵不过时间
曾有一个人，爱我如生命	舒仪 	 中国画报出版社 	 2009-3 	?23.80 	7.5	一见嘉遇误终身
那些年，我们一起追的女孩	九把刀 	 花山文艺出版社 	 2007-1 	 20.00元	8.2	那些年错过的大雨
伊豆的舞女	[日] 川端康成 	 广西师范大学出版社 	 2002-2 	 23.80元	8.2	静美又残酷，无限柔软的川端
世界尽头与冷酷仙境	[日] 村上春树 	 上海译文出版社 	 2002-12 	 23.00元	8.6	交叉平行蒙太奇
傲慢与偏见	[英] 奥斯丁 	 上海译文出版社 	 1996-12 	 11.00元	9	百般曲折，终成眷属
最初的爱情 最后的仪式	[英] 伊恩・麦克尤恩 	 南京大学出版社 	 2010-2 	 22.00元	8	别被封面骗了
鬼吹灯之云南虫谷	天下霸唱 	 安徽文艺出版社 	 2006-11 	 26.80元	8	恐虫症慎入
明朝那些事儿（柒）：大结局	当年明月 	 中国海关出版社 	 2009-4 	 29.80元	8.9	大明崇祯万万年
把时间当作朋友	李笑来 	 电子工业出版社 	 2009-6 	 32.00元	8.5	空
秘密	[澳] 朗达・拜恩 	 中国城市出版社 	 2008-11 	?32.00 	7.3	吸引力法则
天使与魔鬼	[美] 丹.布朗 	 人民文学出版社 	 2005-2 	 29.80元	8.2	科学与宗教的大乱斗
拆掉思维里的墙	古典 	 中国书店 	 2010-9 	 29.80元	7.9	解放思想，实事求是
明朝那些事儿（陆）	当年明月 	 中国海关出版社 	 2008-11 	?28.80 	8.8	党争不息，西山日薄
佛祖在一号线	李海鹏 	 文化艺术出版社 	 2010-6 	 25.00元	8.2	嬉笑怒骂的常识分子
倚天屠龙记(共四册)	金庸 	 三联书店 	 1999-04 	?0.00 	8.5	不识张郎是张郎
阿狸・梦之城堡	hans 	 上海锦绣文章出版社 	 2009-1 	 36.80元	9	治愈
杜拉拉2华年似水	李可 	 陕西师范大学出版社 	 2009-1 	?28.00 	7.3	杜拉拉跳槽记
不朽	落落 	 长江文艺出版社 	 2007-12 	?22.00 	7.6	所有须臾，化为不朽
